<?xml version="1.0" encoding="UTF-8"?>
<!DOCTYPE hibernate-configuration PUBLIC
		"-//Hibernate/Hibernate Configuration DTD 3.0//EN"
		"http://hibernate.sourceforge.net/hibernate-configuration-3.0.dtd">
<hibernate-configuration>
    <session-factory>
    

        
 <!--  da levare quello buono      <property name="hibernate.current_session_context_class">org.hibernate.context.internal.JTASessionContext</property>
        <property name="hibernate.connection.driver_class">com.microsoft.sqlserver.jdbc.SQLServerDriver</property>
        <property name="hibernate.connection.url">jdbc:sqlserver://sbm2server.database.windows.net:1433;database=sbm2db;user=sbm2server@sbm2server;password=Admin123;encrypt=true;trustServerCertificate=false;hostNameInCertificate=*.database.windows.net;loginTimeout=30;</property>
        <property name="hibernate.dialect">org.hibernate.dialect.SQLServer2008Dialect</property>
        <property name="hibernate.connection.username">sbm2server</property>
        <property name="hibernate.connection.password">Admin123</property>  
           -->
          
        <property name="hibernate.c3p0.min_size">5</property>
		<property name="hibernate.c3p0.max_size">20</property>
		<property name="hibernate.c3p0.idle_test_period">60</property>
		<property name="hibernate.c3p0.max_statements">100</property>
          
       
       <!--  <property name="hibernate.current_session_context_class">org.hibernate.context.internal.JTASessionContext</property>
        <property name="hibernate.connection.driver_class">org.postgresql.Driver</property>
        <property name="hibernate.connection.url">jdbc:postgresql://localhost:5432/gameshop</property>
        <property name="hibernate.connection.username">postgres</property>
        <property name="hibernate.connection.password">postgres</property>
        <property name="hibernate.dialect">org.hibernate.dialect.PostgreSQLDialect</property>
         -->
        <property name="hibernate.current_session_context_class">org.hibernate.context.internal.JTASessionContext</property>
        <property name="hibernate.connection.driver_class">org.postgresql.Driver</property>
        <property name="hibernate.connection.password">postgres</property>
        <property name="hibernate.connection.url">jdbc:postgresql://postgress:5432/postgres</property>
        <property name="hibernate.connection.username">postgres</property>
        <property name="hibernate.dialect">org.hibernate.dialect.PostgreSQLDialect</property> 
     
        
        <!--JDBC connection pool (use the built-in) -->
		<property name="connection.pool_size">1</property> 
		<!-- Disable the second-level cache -->
		<property name="cache.provider_class">org.hibernate.cache.internal.NoCacheProvider</property>
		<!-- Echo all executed SQL to stdout -->
		<property name="show_sql">true</property>
		<!-- Drop and re-create the database schema on startup( if =create) or update it (if=update),or validate it-->
		<property name="hbm2ddl.auto">update</property>
		
		<mapping class="model.Gioco" />
		<mapping class="model.Sviluppatore" />
		
    </session-factory>
</hibernate-configuration>
